line_id,order_id,product_id,quantity,discount_pct
L00001,O50000,P2007,1,0.0
L00002,O50000,P2003,5,0.0
L00003,O50001,P2011,1,0.15
L00004,O50001,P2011,5,0.0
L00005,O50001,P2005,2,0.2
L00006,O50002,P2011,4,0.0
L00007,O50003,P2010,2,0.0
L00008,O50003,P2002,5,0.0
L00009,O50003,P2014,1,0.1
L00010,O50004,P2015,2,0.0
L00011,O50004,P2012,2,0.0
L00012,O50004,P2008,1,0.05
L00013,O50004,P2005,4,0.05
L00014,O50005,P2010,6,0.2
L00015,O50005,P2013,1,0.0
L00016,O50006,P2003,5,0.0
L00017,O50007,P2005,2,0.1
L00018,O50007,P2013,3,0.15
L00019,O50008,P2001,6,0.0
L00020,O50008,P2002,5,0.0
L00021,O50008,P2002,3,0.0
L00022,O50008,P2015,1,0.05
L00023,O50009,P2007,3,0.05
L00024,O50010,P2006,2,0.0
L00025,O50011,P2012,3,0.1
L00026,O50011,P2004,0,0.0
L00027,O50011,P2009,4,0.0
L00028,O50011,P2005,2,0.0
L00029,O50012,P2011,6,0.1
L00030,O50012,P2005,1,0.15
L00031,O50012,P2001,5,0.0
L00032,O50013,P2005,1,0.0
L00033,O50013,P2009,6,0.0
L00034,O50013,P2008,4,0.0
L00035,O50013,P2005,5,0.05
L00036,O50014,P2008,6,0.0
L00037,O50015,P2009,5,0.0
L00038,O50015,P2005,3,0.15
L00039,O50015,P2002,4,0.1
L00040,O50015,P2012,2,0.0
L00041,O50016,P2006,3,0.0
L00042,O50017,P2007,2,0.0
L00043,O50017,P2012,2,0.0
L00044,O50017,P2001,1,0.15
L00045,O50018,P2010,4,0.1
L00046,O50019,P2015,6,0.0
L00047,O50020,P2003,4,0.0
L00048,O50020,P2001,2,0.2
L00049,O50021,P2005,1,0.1
L00050,O50021,P2002,1,0.05
L00051,O50021,P2006,5,0.0
L00052,O50021,P2009,1,0.05
L00053,O50022,P2015,6,0.0
L00054,O50023,P2008,1,0.05
L00055,O50023,P2010,4,0.1
L00056,O50024,P2012,3,0.1
L00057,O50024,P2014,2,0.05
L00058,O50024,P2004,5,0.0
L00059,O50025,P2009,6,0.1
L00060,O50025,P2014,6,0.0
L00061,O50026,P2009,6,0.0
L00062,O50027,P2006,2,0.05
L00063,O50027,P2003,1,0.2
L00064,O50028,P2002,1,0.1
L00065,O50028,P2003,6,0.15
L00066,O50028,P2002,6,0.0
L00067,O50028,P2011,1,0.1
L00068,O50029,P2004,5,0.15
L00069,O50029,P2014,5,0.05
L00070,O50029,P2008,2,0.1
L00071,O50030,P2015,1,0.1
L00072,O50031,P2007,3,0.1
L00073,O50031,P2006,6,0.0
L00074,O50031,P2001,2,0.05
L00075,O50032,P2008,6,0.0
L00076,O50032,P2009,3,0.05
L00077,O50033,P2012,4,0.1
L00078,O50033,P2010,5,0.1
L00079,O50034,P2012,5,0.05
L00080,O50034,P2010,1,0.0
L00081,O50035,P2002,2,0.05
L00082,O50035,P2015,6,0.1
L00083,O50035,P2005,1,0.05
L00084,O50036,P2004,1,0.15
L00085,O50037,P2006,4,0.05
L00086,O50037,P2005,3,0.0
L00087,O50037,P2013,6,0.1
L00088,O50038,P2008,2,0.0
L00089,O50038,P2006,5,0.0
L00090,O50039,P2003,-2,0.2
L00091,O50040,P2008,6,0.0
L00092,O50040,P2004,2,0.15
L00093,O50041,P2013,3,0.1
L00094,O50041,P2013,5,0.0
L00095,O50042,P2010,6,0.0
L00096,O50042,P2015,2,0.15
L00097,O50042,P2001,6,0.05
L00098,O50042,P2014,6,0.0
L00099,O50043,P2012,5,0.05
L00100,O50043,P2003,1,0.1
L00101,O50043,P2012,6,0.15
L00102,O50044,P2005,6,0.2
L00103,O50044,P2001,4,0.05
L00104,O50044,P2015,5,0.0
L00105,O50045,P2011,3,0.0
L00106,O50045,P2004,1,0.0
L00107,O50045,P2005,6,0.0
L00108,O50046,P2004,6,0.0
L00109,O50047,P2006,1,0.05
L00110,O50047,P2013,3,0.05
L00111,O50047,P2005,6,0.0
L00112,O50048,P2014,1,0.15
L00113,O50048,P2014,2,0.05
L00114,O50048,P2010,4,0.1
L00115,O50048,P2010,4,0.2
L00116,O50049,P2014,4,0.1
L00117,O50050,P2006,2,0.05
L00118,O50051,P2005,4,0.0
L00119,O50052,P2006,5,0.05
L00120,O50052,P2004,6,0.2
L00121,O50052,P2006,3,0.0
L00122,O50053,P2015,2,0.05
L00123,O50054,P2008,1,0.2
L00124,O50055,P2005,2,0.1
L00125,O50055,P2015,1,0.0
L00126,O50055,P2004,3,0.0
L00127,O50056,P2010,4,0.1
L00128,O50056,P2011,2,0.05
L00129,O50056,P2008,2,0.0
L00130,O50056,P2006,5,0.1
L00131,O50057,P2002,6,0.0
L00132,O50058,P2009,4,0.15
L00133,O50058,P2012,3,0.05
L00134,O50058,P2009,2,0.15
L00135,O50059,P2014,1,0.15
L00136,O50059,P2006,1,0.15
L00137,O50059,P2006,1,0.0
L00138,O50060,P2001,4,0.0
L00139,O50060,P2007,2,0.0
L00140,O50061,P2002,3,0.1
L00141,O50062,P2014,5,0.0
L00142,O50062,P2010,5,0.15
L00143,O50062,P2005,3,0.0
L00144,O50063,P2015,6,0.2
L00145,O50064,P2007,6,0.0
L00146,O50064,P2011,5,0.0
L00147,O50065,P2002,1,0.05
L00148,O50065,P2013,2,0.1
L00149,O50065,P2001,3,0.15
L00150,O50065,P2014,5,0.05
L00151,O50066,P2012,1,0.05
L00152,O50066,P2005,2,0.15
L00153,O50067,P2009,5,0.15
L00154,O50068,P2014,6,0.0
L00155,O50068,P2015,4,0.05
L00156,O50069,P2003,3,0.05
L00157,O50069,P2006,3,0.0
L00158,O50069,P2011,2,0.0
L00159,O50069,P2009,3,0.15
L00160,O50070,P2010,5,0.0
L00161,O50070,P2008,2,0.0
L00162,O50070,P2007,2,0.0
L00163,O50071,P2011,5,0.1
L00164,O50071,P2015,4,0.15
L00165,O50071,P2004,2,0.15
L00166,O50071,P2006,5,0.1
L00167,O50072,P2010,2,0.2
L00168,O50073,P2003,3,0.15
L00169,O50073,P2006,5,0.0
L00170,O50073,P2014,6,0.0
L00171,O50073,P2007,4,0.0
L00172,O50074,P2004,2,0.0
L00173,O50074,P2013,6,0.0
L00174,O50074,P2006,2,0.1
L00175,O50074,P2008,3,0.0
L00176,O50075,P2012,4,0.0
L00177,O50075,P2005,4,0.0
L00178,O50075,P2005,3,0.0
L00179,O50075,P2005,4,0.05
L00180,O50076,P2008,5,0.1
L00181,O50077,P2001,3,0.1
L00182,O50077,P2009,6,0.0
L00183,O50077,P2002,4,0.0
L00184,O50077,P2012,5,0.0
L00185,O50078,P2011,2,0.05
L00186,O50078,P2004,1,0.0
L00187,O50078,P2015,1,0.2
L00188,O50079,P2008,6,0.0
L00189,O50079,P2013,5,0.0
L00190,O50079,P2015,3,0.15
L00191,O50079,P2013,5,0.05
L00192,O50080,P2006,5,0.1
L00193,O50081,P2001,3,0.15
L00194,O50081,P2005,2,0.0
L00195,O50081,P2009,4,0.2
L00196,O50081,P2002,2,0.0
L00197,O50082,P2003,1,0.0
L00198,O50082,P2013,2,0.2
L00199,O50082,P2008,3,0.05
L00200,O50082,P2001,4,0.1
L00201,O50083,P2004,3,0.0
L00202,O50083,P2007,2,0.1
L00203,O50083,P2013,5,0.0
L00204,O50084,P2006,4,0.0
L00205,O50085,P2011,2,0.05
L00206,O50085,P2001,3,0.0
L00207,O50085,P2009,3,0.0
L00208,O50085,P2001,4,0.1
L00209,O50086,P2009,6,0.15
L00210,O50087,P2009,2,0.1
L00211,O50088,P2006,3,0.0
L00212,O50088,P2012,5,0.05
L00213,O50088,P2003,6,0.0
L00214,O50088,P2001,1,0.15
L00215,O50089,P2002,1,0.15
L00216,O50089,P2007,5,0.15
L00217,O50089,P2008,5,0.1
L00218,O50090,P2008,3,0.15
L00219,O50090,P2010,4,0.0
L00220,O50090,P2002,1,0.2
L00221,O50091,P2008,3,0.1
L00222,O50092,P2013,5,0.0
L00223,O50093,P2005,5,0.15
L00224,O50093,P2003,1,0.1
L00225,O50093,P2010,3,0.1
L00226,O50093,P2009,4,0.0
L00227,O50094,P2003,3,0.0
L00228,O50094,P2002,1,0.0
L00229,O50094,P2010,2,0.1
L00230,O50095,P2004,5,0.05
L00231,O50096,P2015,3,0.15
L00232,O50096,P2006,5,0.1
L00233,O50096,P2002,2,0.15
L00234,O50097,P2002,4,0.05
L00235,O50097,P2013,3,0.1
L00236,O50097,P2012,5,0.2
L00237,O50097,P2001,3,0.0
L00238,O50098,P2009,4,0.0
L00239,O50098,P2002,4,0.1
L00240,O50099,P2012,2,0.0
L00241,O50099,P2001,1,0.15
L00242,O50100,P2011,3,0.0
L00243,O50101,P2008,4,0.0
L00244,O50102,P2009,2,0.15
L00245,O50102,P2007,5,0.1
L00246,O50102,P2005,4,0.2
L00247,O50102,P2001,6,0.1
L00248,O50103,P2001,3,0.0
L00249,O50103,P2013,5,0.1
L00250,O50103,P2002,2,0.0
L00251,O50103,P2009,3,0.15
L00252,O50104,P2011,3,0.1
L00253,O50104,P2010,3,0.0
L00254,O50104,P2005,4,0.1
L00255,O50104,P2001,3,0.0
L00256,O50105,P2012,2,0.0
L00257,O50105,P2006,4,0.0
L00258,O50106,P2001,1,0.0
L00259,O50106,P2012,4,0.0
L00260,O50106,P2006,2,0.0
L00261,O50107,P2009,5,0.2
L00262,O50107,P2007,4,0.0
L00263,O50107,P2003,5,0.0
L00264,O50107,P2015,3,0.05
L00265,O50108,P2005,4,0.0
L00266,O50109,P2013,1,0.0
L00267,O50110,P2009,2,0.0
L00268,O50110,P2014,5,0.0
L00269,O50110,P2010,1,0.0
L00270,O50111,P2014,1,0.0
L00271,O50112,P2005,1,0.05
L00272,O50113,P2009,1,0.0
L00273,O50113,P2003,1,0.05
L00274,O50114,P2005,3,0.0
L00275,O50114,P2009,3,0.2
L00276,O50115,P2006,1,0.0
L00277,O50116,P2003,6,0.05
L00278,O50117,P2010,4,0.2
L00279,O50117,P2011,1,0.2
L00280,O50117,P2007,2,0.05
L00281,O50117,P2009,3,0.0
L00282,O50118,P2014,2,0.2
L00283,O50118,P2003,3,0.1
L00284,O50119,P2005,6,0.0
L00285,O50119,P2007,6,0.05
L00286,O50120,P2011,6,0.05
L00287,O50120,P2003,1,0.0
L00288,O50120,P2011,2,0.0
L00289,O50121,P2004,6,0.0
L00290,O50122,P2011,5,0.0
L00291,O50122,P2015,6,0.1
L00292,O50123,P2010,1,0.05
L00293,O50124,P2011,3,0.0
L00294,O50124,P2009,3,0.05
L00295,O50125,P2009,2,0.05
L00296,O50125,P2011,6,0.1
L00297,O50125,P2012,3,0.0
L00298,O50126,P2002,6,0.0
L00299,O50126,P2004,1,0.0
L00300,O50126,P2015,1,0.0
L00301,O50127,P2010,2,0.0
L00302,O50127,P2002,2,0.1
L00303,O50127,P2001,6,0.15
L00304,O50127,P2014,1,0.1
L00305,O50128,P2003,3,0.05
L00306,O50129,P2003,3,0.0
L00307,O50129,P2008,1,0.0
L00308,O50129,P2011,6,0.1
L00309,O50129,P2010,6,0.0
L00310,O50130,P2009,1,0.05
L00311,O50130,P2004,3,1.25
L00312,O50130,P2005,1,0.0
L00313,O50131,P2004,3,0.1
L00314,O50131,P2004,1,0.2
L00315,O50131,P2015,4,0.15
L00316,O50132,P2010,5,0.1
L00317,O50133,P2010,6,0.05
L00318,O50133,P2013,2,0.0
L00319,O50133,P2011,4,0.0
L00320,O50134,P2004,3,0.05
L00321,O50134,P2001,6,0.05
L00322,O50134,P2003,4,0.15
L00323,O50135,P2003,2,0.05
L00324,O50135,P2014,4,0.0
L00325,O50135,P2013,4,0.0
L00326,O50135,P2013,6,0.0
L00327,O50136,P2013,4,0.0
L00328,O50136,P2009,2,0.0
L00329,O50136,P2012,3,0.05
L00330,O50137,P2009,1,0.0
L00331,O50137,P2012,5,0.0
L00332,O50137,P2005,6,0.1
L00333,O50137,P2007,5,0.0
L00334,O50138,P2011,5,0.0
L00335,O50138,P2015,4,0.0
L00336,O50138,P2005,3,0.1
L00337,O50138,P2006,4,0.05
L00338,O50139,P2003,2,0.0
L00339,O50139,P2006,2,0.15
L00340,O50140,P2010,4,0.1
L00341,O50141,P2006,1,0.0
L00342,O50141,P2006,2,0.2
L00343,O50142,P2011,5,0.0
L00344,O50143,P2005,2,0.1
L00345,O50143,P2014,3,0.15
L00346,O50143,P2011,5,0.0
L00347,O50144,P2012,2,0.0
L00348,O50144,P2015,2,0.15
L00349,O50145,P2012,2,0.15
L00350,O50145,P2008,1,0.1
L00351,O50145,P2001,5,0.05
L00352,O50146,P2008,3,0.0
L00353,O50146,P2010,6,0.0
L00354,O50146,P2004,2,0.0
L00355,O50146,P2009,1,0.15
L00356,O50147,P2005,3,0.0
L00357,O50148,P2007,4,0.1
L00358,O50148,P2003,1,0.0
L00359,O50148,P2007,4,0.15
L00360,O50148,P2015,4,0.15
L00361,O50149,P2001,6,0.0
L00362,O50149,P2001,4,0.05
L00363,O50149,P2012,2,0.0
L00364,O50150,P2002,2,0.1
L00365,O50151,P2013,5,0.0
L00366,O50151,P2014,2,0.0
L00367,O50151,P2012,4,0.15
L00368,O50152,P2014,2,0.15
L00369,O50152,P2014,3,0.0
L00370,O50153,P2014,1,0.0
L00371,O50153,P2005,3,0.0
L00372,O50153,P2003,2,0.2
L00373,O50153,P2004,2,0.2
L00374,O50154,P2012,2,0.1
L00375,O50154,P2010,4,0.1
L00376,O50154,P2005,3,0.2
L00377,O50155,P2005,2,0.0
L00378,O50156,P2011,4,0.0
L00379,O50156,P2010,3,0.0
L00380,O50157,P2012,5,0.0
L00381,O50157,P2015,2,0.0
L00382,O50157,P2014,2,0.0
L00383,O50158,P2007,1,0.0
L00384,O50158,P2003,2,0.0
L00385,O50158,P2009,4,0.2
L00386,O50158,P2011,1,0.15
L00387,O50159,P2009,1,0.0
L00388,O50159,P2005,5,0.1
L00389,O50160,P2013,4,0.1
L00390,O50160,P2001,1,0.0
L00391,O50160,P2006,4,0.2
L00392,O50161,P2002,1,0.15
L00393,O50162,P2010,1,0.1
L00394,O50162,P2012,1,0.0
L00395,O50163,P2006,1,0.05
L00396,O50163,P2005,3,0.0
L00397,O50163,P2006,2,0.0
L00398,O50163,P2001,1,0.0
L00399,O50164,P2014,3,0.2
L00400,O50164,P2005,1,0.0
L00401,O50164,P2015,1,0.05
L00402,O50164,P2011,1,0.0
L00403,O50165,P2001,2,0.0
L00404,O50165,P2013,4,0.2
L00405,O50165,P2010,5,0.1
L00406,O50166,P2015,3,0.0
L00407,O50166,P2011,1,0.0
L00408,O50166,P2014,5,0.05
L00409,O50167,P2010,6,0.0
L00410,O50168,P2008,5,0.0
L00411,O50168,P2003,6,0.1
L00412,O50168,P2002,1,0.0
L00413,O50168,P2013,4,0.0
L00414,O50169,P2010,1,0.05
L00415,O50169,P2008,5,0.1
L00416,O50170,P2006,2,0.0
L00417,O50170,P2009,4,0.2
L00418,O50170,P2003,4,0.15
L00419,O50170,P2012,5,0.1
L00420,O50171,P2008,6,0.0
L00421,O50171,P2002,1,0.0
L00422,O50171,P2004,1,0.0
L00423,O50171,P2010,3,0.1
L00424,O50172,P2012,6,0.0
L00425,O50172,P2009,6,0.0
L00426,O50172,P2012,4,0.0
L00427,O50172,P2001,1,0.0
L00428,O50173,P2009,5,0.1
L00429,O50173,P2005,5,0.0
L00430,O50174,P2013,6,0.0
L00431,O50174,P2011,2,0.05
L00432,O50174,P2010,2,0.0
L00433,O50174,P2007,1,0.0
L00434,O50175,P2008,1,0.0
L00435,O50175,P2007,6,0.0
L00436,O50175,P2004,3,0.0
L00437,O50176,P2014,6,0.15
L00438,O50176,P2009,5,0.0
L00439,O50176,P2005,6,0.0
L00440,O50177,P2005,5,0.15
L00441,O50177,P2005,3,0.2
L00442,O50177,P2008,4,0.0
L00443,O50178,P2008,5,0.1
L00444,O50178,P2001,1,0.0
L00445,O50178,P2002,2,0.0
L00446,O50178,P2009,1,0.1
L00447,O50179,P2005,1,0.0
L00448,O50180,P2006,1,0.0
L00449,O50180,P2004,6,0.2
L00450,O50180,P2012,2,0.2
L00451,O50180,P2003,2,0.1
L00452,O50181,P2011,5,0.1
L00453,O50181,P2009,5,0.05
L00454,O50181,P2007,4,0.0
L00455,O50182,P2002,4,0.0
L00456,O50182,P2010,1,0.0
L00457,O50182,P2005,1,0.1
L00458,O50182,P2003,1,0.0
L00459,O50183,P2001,1,0.0
L00460,O50183,P2007,3,0.1
L00461,O50183,P2011,4,0.05
L00462,O50184,P2008,1,0.1
L00463,O50185,P2015,3,0.0
L00464,O50185,P2002,1,0.2
L00465,O50185,P2008,2,0.0
L00466,O50185,P2014,6,0.1
L00467,O50186,P2001,6,0.0
L00468,O50186,P2001,3,0.0
L00469,O50187,P2002,6,0.2
L00470,O50187,P2008,4,0.05
L00471,O50187,P2007,2,0.0
L00472,O50188,P2012,6,0.0
L00473,O50189,P2012,2,0.0
L00474,O50190,P2007,5,0.1
L00475,O50190,P2011,4,0.15
L00476,O50190,P2010,6,0.15
L00477,O50190,P2007,6,0.0
L00478,O50191,P2002,6,0.0
L00479,O50191,P2011,1,0.0
L00480,O50191,P2007,3,0.0
L00481,O50192,P2008,4,0.0
L00482,O50192,P2014,6,0.0
L00483,O50193,P2012,5,0.0
L00484,O50193,P2003,1,0.05
L00485,O50193,P2007,5,0.1
L00486,O50194,P2009,6,0.0
L00487,O50195,P2014,1,0.0
L00488,O50195,P2014,1,0.0
L00489,O50195,P2004,3,0.0
L00490,O50195,P2009,4,0.05
L00491,O50196,P2011,2,0.0
L00492,O50196,P2011,2,0.05
L00493,O50196,P2006,6,0.0
L00494,O50197,P2011,2,0.1
L00495,O50197,P2005,4,0.0
L00496,O50197,P2006,3,0.15
L00497,O50198,P2001,6,0.0
L00498,O50198,P2013,3,0.0
L00499,O50198,P2008,4,0.15
L00500,O50199,P2008,3,0.2
L00501,O50200,P9999,1,0.15
L00502,O50201,P2010,4,0.0
L00503,O50201,P2009,5,0.05
L00504,O50201,P2015,6,0.0
L00505,O50201,P2003,2,0.0
L00506,O50202,P2011,2,0.0
L00507,O50202,P2015,2,0.15
L00508,O50203,P2013,1,0.0
L00509,O50203,P2002,5,0.1
L00510,O50203,P2013,1,0.15
L00511,O50204,P2008,3,0.15
L00512,O50204,P2014,5,0.05
L00513,O50205,P2006,2,0.05
L00514,O50205,P2011,1,0.1
L00515,O50205,P2015,1,0.05
L00516,O50205,P2009,1,0.0
L00517,O50206,P2004,3,0.1
L00518,O50206,P2010,5,0.15
L00519,O50206,P2001,2,0.0
L00520,O50207,P2005,4,0.0
L00521,O50207,P2006,1,0.05
L00522,O50207,P2011,1,0.15
L00523,O50207,P2011,6,0.15
L00524,O50208,P2009,2,0.2
L00525,O50208,P2009,3,0.0
L00526,O50208,P2004,1,0.0
L00527,O50209,P2007,2,0.0
L00528,O50209,P2009,4,0.0
L00529,O50209,P2012,2,0.0
L00530,O50210,P2006,1,0.0
L00531,O50210,P2014,1,0.1
L00532,O50210,P2011,2,0.15
L00533,O50210,P2005,1,0.05
L00534,O50211,P2010,1,0.0
L00535,O50211,P2003,6,0.1
L00536,O50211,P2005,6,0.15
L00537,O50212,P2001,1,0.0
L00538,O50213,P2008,5,0.0
L00539,O50213,P2006,2,0.1
L00540,O50213,P2002,5,0.05
L00541,O50213,P2006,2,0.0
L00542,O50214,P2015,5,0.0
L00543,O50214,P2007,5,0.0
L00544,O50214,P2009,3,0.0
L00545,O50214,P2009,5,0.15
L00546,O50215,P2003,6,0.05
L00547,O50215,P2005,3,0.1
L00548,O50215,P2002,6,0.05
L00549,O50215,P2009,5,0.1
L00550,O50216,P2011,2,0.0
L00551,O50217,P2010,3,0.05
L00552,O50217,P2015,1,0.15
L00553,O50217,P2008,4,0.0
L00554,O50218,P2013,2,0.1
L00555,O50218,P2011,3,0.15
L00556,O50218,P2006,6,0.05
L00557,O50219,P2006,1,0.1
L00558,O50219,P2015,5,0.05
L00559,O50220,P2008,3,0.1
L00560,O50220,P2013,3,0.2
L00561,O50220,P2005,4,0.2
L00562,O50221,P2004,6,0.15
L00563,O50221,P2014,5,0.05
L00564,O50221,P2013,2,0.05
L00565,O50222,P2012,4,0.15
L00566,O50222,P2008,6,0.0
L00567,O50222,P2002,5,0.0
L00568,O50222,P2008,5,0.0
L00569,O50223,P2006,6,0.05
L00570,O50224,P2001,6,0.0
L00571,O50224,P2001,1,0.1
L00572,O50225,P2005,5,0.0
L00573,O50226,P2009,5,0.0
L00574,O50226,P2003,3,0.05
L00575,O50226,P2014,4,0.0
L00576,O50227,P2003,2,0.0
L00577,O50227,P2007,3,0.2
L00578,O50227,P2003,1,0.15
L00579,O50227,P2007,6,0.05
L00580,O50228,P2006,1,0.0
L00581,O50228,P2008,1,0.05
L00582,O50229,P2009,6,0.05
L00583,O50229,P2007,4,0.1
L00584,O50229,P2010,4,0.15
L00585,O50229,P2014,2,0.2
L00586,O50230,P2013,5,0.05
L00587,O50230,P2013,4,0.0
L00588,O50231,P2003,5,0.0
L00589,O50231,P2004,2,0.0
L00590,O50231,P2005,2,0.0
L00591,O50231,P2003,5,0.0
L00592,O50232,P2012,1,0.1
L00593,O50232,P2002,4,0.0
L00594,O50232,P2012,4,0.15
L00595,O50233,P2014,5,0.0
L00596,O50233,P2002,3,0.1
L00597,O50233,P2006,2,0.1
L00598,O50234,P2005,2,0.0
L00599,O50235,P2004,1,0.2
L00600,O50235,P2009,6,0.15
L00601,O50235,P2005,6,0.0
L00602,O50235,P2011,2,0.0
L00603,O50236,P2008,6,0.2
L00604,O50237,P2012,1,0.0
L00605,O50238,P2004,4,0.0
L00606,O50239,P2006,4,0.0
L00607,O50240,P2010,1,0.05
L00608,O50240,P2014,4,0.0
L00609,O50240,P2011,3,0.0
L00610,O50241,P2005,6,0.05
L00611,O50242,P2005,5,0.15
L00612,O50243,P2007,5,0.05
L00613,O50243,P2012,6,0.1
L00614,O50244,P2010,1,0.0
L00615,O50244,P2003,5,0.05
L00616,O50244,P2015,5,0.05
L00617,O50244,P2007,2,0.15
L00618,O50245,P2002,2,0.1
L00619,O50246,P2009,4,0.0
L00620,O50246,P2005,1,0.0
L00621,O50246,P2013,3,0.1
L00622,O50247,P2005,3,0.0
L00623,O50248,P2004,3,0.0
L00624,O50248,P2013,6,0.0
L00625,O50249,P2009,2,0.0
L00626,O50250,P2002,4,0.0
L00627,O50250,P2003,5,0.0
L00628,O50250,P2014,2,0.15
L00629,O50250,P2004,3,0.1
L00630,O50251,P2006,2,0.0
L00631,O50251,P2006,2,0.0
L00632,O50251,P2015,3,0.05
L00633,O50251,P2014,3,0.05
L00634,O50252,P2005,1,0.1
L00635,O50252,P2006,5,0.0
L00636,O50252,P2014,6,0.0
L00637,O50253,P2014,1,0.1
L00638,O50253,P2001,2,0.0
L00639,O50253,P2011,3,0.0
L00640,O50254,P2002,4,0.2
L00641,O50254,P2006,4,0.0
L00642,O50254,P2010,5,0.05
L00643,O50254,P2001,4,0.05
L00644,O50255,P2004,5,0.0
L00645,O50256,P2005,4,0.0
L00646,O50256,P2001,1,0.15
L00647,O50257,P2002,2,0.05
L00648,O50257,P2015,5,0.0
L00649,O50258,P2003,4,0.1
L00650,O50259,P2013,3,0.1
L00651,O50259,P2011,6,0.1
L00652,O50260,P2015,4,0.15
L00653,O50260,P2012,6,0.1
L00654,O50260,P2013,3,0.2
L00655,O50260,P2013,4,0.1
L00656,O50261,P2009,4,0.15
L00657,O50261,P2003,3,0.15
L00658,O50262,P2012,6,0.0
L00659,O50262,P2015,4,0.1
L00660,O50262,P2011,4,0.15
L00661,O50262,P2015,3,0.05
L00662,O50263,P2014,2,0.2
L00663,O50263,P2004,2,0.1
L00664,O50263,P2015,5,0.0
L00665,O50264,P2004,3,0.15
L00666,O50264,P2003,5,0.0
L00667,O50264,P2008,1,0.0
L00668,O50265,P2013,6,0.0
L00669,O50265,P2009,2,0.0
L00670,O50265,P2012,4,0.0
L00671,O50266,P2012,4,0.0
L00672,O50267,P2008,2,0.0
L00673,O50267,P2001,6,0.0
L00674,O50268,P2015,3,0.0
L00675,O50269,P2005,2,0.0
L00676,O50269,P2007,5,0.05
L00677,O50270,P2006,2,0.1
L00678,O50271,P2010,6,0.2
L00679,O50271,P2007,5,0.15
L00680,O50271,P2008,5,0.05
L00681,O50272,P2011,4,0.1
L00682,O50272,P2002,1,0.0
L00683,O50273,P2008,6,0.2
L00684,O50273,P2007,2,0.05
L00685,O50273,P2011,6,0.2
L00686,O50273,P2008,1,0.0
L00687,O50274,P2011,1,0.0
L00688,O50274,P2004,1,0.0
L00689,O50274,P2001,1,0.1
L00690,O50275,P2009,4,0.1
L00691,O50275,P2010,3,0.0
L00692,O50275,P2002,1,0.0
L00693,O50276,P2005,4,0.0
L00694,O50277,P2001,1,0.1
L00695,O50278,P2010,4,0.1
L00696,O50278,P2015,6,0.0
L00697,O50278,P2009,6,0.0
L00698,O50278,P2009,5,0.0
L00699,O50279,P2015,3,0.0
L00700,O50279,P2003,5,0.15
L00701,O50280,P2012,3,0.05
L00702,O50280,P2010,4,0.1
L00703,O50280,P2001,3,0.0
L00704,O50281,P2002,2,0.2
L00705,O50281,P2010,4,0.0
L00706,O50281,P2007,4,0.0
L00707,O50282,P2008,2,0.0
L00708,O50282,P2005,5,0.0
L00709,O50282,P2011,5,0.0
L00710,O50283,P2006,5,0.1
L00711,O50283,P2008,4,0.05
L00712,O50283,P2001,6,0.05
L00713,O50283,P2006,5,0.1
L00714,O50284,P2004,1,0.0
L00715,O50284,P2005,4,0.0
L00716,O50284,P2005,6,0.05
L00717,O50285,P2004,2,0.1
L00718,O50285,P2003,3,0.1
L00719,O50286,P2002,1,0.0
L00720,O50286,P2008,6,0.0
L00721,O50287,P2004,6,0.0
L00722,O50287,P2005,4,0.0
L00723,O50287,P2003,4,0.0
L00724,O50288,P2006,6,0.0
L00725,O50289,P2013,1,0.2
L00726,O50290,P2007,2,0.2
L00727,O50290,P2001,1,0.0
L00728,O50290,P2001,3,0.15
L00729,O50291,P2008,5,0.0
L00730,O50291,P2005,6,0.0
L00731,O50291,P2009,6,0.15
L00732,O50292,P2014,3,0.0
L00733,O50292,P2004,6,0.05
L00734,O50292,P2010,5,0.15
L00735,O50292,P2008,6,0.0
L00736,O50293,P2001,3,0.0
L00737,O50293,P2009,2,0.0
L00738,O50293,P2012,5,0.1
L00739,O50294,P2008,1,0.1
L00740,O50295,P2002,5,0.15
L00741,O50295,P2008,4,0.15
L00742,O50296,P2008,1,0.15
L00743,O50297,P2005,3,0.0
L00744,O50297,P2003,2,0.05
L00745,O50298,P2009,3,0.0
L00746,O50298,P2010,3,0.15
L00747,O50298,P2004,2,0.15
L00748,O50298,P2006,1,0.05
L00749,O50299,P2004,4,0.15
L00750,O50300,P2003,1,0.05
L00751,O50301,P2012,4,0.05
L00752,O50301,P2011,1,0.05
L00753,O50301,P2002,2,0.0
L00754,O50301,P2005,4,0.05
L00755,O50302,P2002,3,0.0
L00756,O50302,P2002,5,0.05
L00757,O50302,P2003,5,0.15
L00758,O50302,P2003,2,0.0
L00759,O50303,P2014,6,0.0
L00760,O50304,P2007,3,0.2
L00761,O50305,P2012,5,0.0
L00762,O50305,P2001,4,0.2
L00763,O50305,P2002,6,0.0
L00764,O50305,P2001,3,0.0
L00765,O50306,P2002,1,0.0
L00766,O50306,P2011,6,0.0
L00767,O50306,P2006,3,0.0
L00768,O50307,P2003,3,0.0
L00769,O50307,P2010,6,0.0
L00770,O50308,P2008,5,0.0
L00771,O50308,P2003,4,0.0
L00772,O50308,P2004,4,0.05
L00773,O50308,P2003,6,0.0
L00774,O50309,P2009,3,0.05
L00775,O50309,P2004,2,0.0
L00776,O50309,P2004,1,0.0
L00777,O50310,P2008,1,0.2
L00778,O50311,P2014,6,0.0
L00779,O50311,P2011,1,0.0
L00780,O50311,P2001,2,0.0
L00781,O50311,P2011,1,0.0
L00782,O50312,P2006,1,0.1
L00783,O50312,P2003,2,0.15
L00784,O50312,P2006,3,0.05
L00785,O50313,P2009,2,0.05
L00786,O50314,P2003,3,0.05
L00787,O50314,P2003,2,0.0
L00788,O50314,P2004,2,0.0
L00789,O50314,P2014,3,0.05
L00790,O50315,P2010,2,0.0
L00791,O50315,P2015,1,0.1
L00792,O50315,P2014,2,0.0
L00793,O50316,P2005,3,0.1
L00794,O50316,P2014,2,0.1
L00795,O50317,P2011,4,0.05
L00796,O50317,P2010,6,0.05
L00797,O50317,P2003,3,0.1
L00798,O50317,P2004,4,0.0
L00799,O50318,P2006,4,0.15
L00800,O50319,P2008,3,0.15
L00801,O50319,P2014,3,0.1
L00802,O50320,P2003,5,0.05
L00803,O50320,P2014,4,0.0
L00804,O50320,P2004,3,0.0
L00805,O50321,P2002,5,0.2
L00806,O50321,P2003,5,0.05
L00807,O50322,P2007,4,0.15
L00808,O50322,P2013,2,0.2
L00809,O50323,P2002,3,0.1
L00810,O50323,P2008,6,0.1
L00811,O50324,P2003,3,0.0
L00812,O50324,P2009,1,0.0
L00813,O50324,P2012,5,0.15
L00814,O50324,P2011,6,0.0
L00815,O50325,P2007,4,0.0
L00816,O50326,P2003,1,0.0
L00817,O50326,P2001,3,0.05
L00818,O50326,P2010,1,0.0
L00819,O50326,P2003,2,0.0
L00820,O50327,P2005,5,0.0
L00821,O50327,P2008,4,0.15
L00822,O50328,P2009,1,0.0
L00823,O50328,P2010,5,0.0
L00824,O50329,P2012,5,0.15
L00825,O50330,P2003,1,0.0
L00826,O50330,P2004,2,0.05
L00827,O50331,P2006,5,0.15
L00828,O50331,P2007,2,0.1
L00829,O50331,P2007,4,0.0
L00830,O50332,P2014,5,0.1
L00831,O50332,P2002,1,0.15
L00832,O50333,P2008,4,0.0
L00833,O50333,P2010,5,0.1
L00834,O50333,P2010,4,0.1
L00835,O50334,P2005,6,0.15
L00836,O50334,P2009,6,0.05
L00837,O50335,P2011,6,0.1
L00838,O50335,P2009,6,0.0
L00839,O50336,P2015,4,0.05
L00840,O50336,P2003,5,0.1
L00841,O50337,P2008,6,0.1
L00842,O50337,P2012,4,0.0
L00843,O50338,P2008,1,0.0
L00844,O50339,P2002,4,0.15
L00845,O50339,P2012,5,0.1
L00846,O50339,P2010,3,0.05
L00847,O50340,P2001,1,0.0
L00848,O50340,P2006,3,0.0
L00849,O50340,P2004,1,0.0
L00850,O50340,P2011,1,0.0
L00851,O50341,P2008,4,0.0
L00852,O50341,P2008,3,0.05
L00853,O50342,P2001,3,0.0
L00854,O50343,P2011,3,0.0
L00855,O50343,P2010,4,0.0
L00856,O50343,P2008,6,0.0
L00857,O50343,P2003,4,0.0
L00858,O50344,P2001,6,0.05
L00859,O50344,P2007,4,0.2
L00860,O50344,P2007,2,0.2
L00861,O50345,P2004,2,0.1
L00862,O50345,P2002,4,0.05
L00863,O50345,P2009,6,0.1
L00864,O50346,P2014,2,0.0
L00865,O50346,P2011,6,0.05
L00866,O50346,P2011,3,0.1
L00867,O50347,P2010,1,0.0
L00868,O50347,P2003,1,0.05
L00869,O50347,P2004,1,0.1
L00870,O50347,P2015,4,0.15
L00871,O50348,P2005,6,0.0
L00872,O50348,P2008,1,0.0
L00873,O50348,P2014,6,0.0
L00874,O50348,P2002,1,0.0
L00875,O50349,P2002,4,0.1
L00876,O50349,P2014,5,0.0
L00877,O50349,P2011,1,0.0
L00878,O50349,P2012,2,0.1
L00879,O50350,P2006,1,0.0
L00880,O50351,P2009,4,0.0
L00881,O50351,P2002,5,0.0
L00882,O50352,P2015,2,0.0
L00883,O50353,P2005,1,0.0
L00884,O50353,P2008,1,0.0
L00885,O50353,P2009,6,0.05
L00886,O50354,P2003,6,0.0
L00887,O50354,P2009,5,0.0
L00888,O50354,P2015,3,0.1
L00889,O50354,P2011,5,0.0
L00890,O50355,P2008,3,0.15
L00891,O50356,P2009,4,0.1
L00892,O50356,P2010,6,0.0
L00893,O50357,P2007,4,0.1
L00894,O50357,P2007,2,0.15
L00895,O50357,P2005,1,0.0
L00896,O50357,P2010,5,0.0
L00897,O50358,P2003,1,0.05
L00898,O50358,P2003,1,0.0
L00899,O50359,P2013,1,0.0
L00900,O50359,P2008,6,0.0
L00901,O50359,P2009,6,0.15
L00902,O50359,P2007,2,0.15
L00903,O50360,P2011,5,0.0
L00904,O50360,P2008,3,0.1
L00905,O50360,P2013,1,0.2
L00906,O50360,P2012,3,0.1
L00907,O50361,P2011,6,0.0
L00908,O50361,P2014,1,0.0
L00909,O50362,P2013,6,0.1
L00910,O50362,P2005,6,0.0
L00911,O50362,P2001,1,0.0
L00912,O50362,P2010,1,0.0
L00913,O50363,P2014,6,0.0
L00914,O50363,P2009,6,0.05
L00915,O50363,P2003,1,0.0
L00916,O50363,P2003,1,0.05
L00917,O50364,P2013,3,0.0
L00918,O50364,P2007,2,0.05
L00919,O50364,P2009,2,0.0
L00920,O50365,P2004,5,0.2
L00921,O50365,P2005,3,0.0
L00922,O50365,P2004,1,0.05
L00923,O50366,P2006,5,0.05
L00924,O50367,P2001,4,0.1
L00925,O50367,P2004,2,0.15
L00926,O50367,P2005,1,0.05
L00927,O50367,P2007,6,0.1
L00928,O50368,P2013,5,0.15
L00929,O50369,P2014,4,0.05
L00930,O50369,P2011,1,0.0
L00931,O50370,P2009,2,0.1
L00932,O50370,P2001,3,0.15
L00933,O50370,P2013,6,0.2
L00934,O50370,P2002,2,0.0
L00935,O50371,P2001,6,0.0
L00936,O50372,P2001,6,0.05
L00937,O50372,P2001,4,0.0
L00938,O50373,P2001,1,0.05
L00939,O50373,P2002,2,0.1
L00940,O50373,P2006,6,0.1
L00941,O50373,P2007,6,0.05
L00942,O50374,P2013,4,0.0
L00943,O50374,P2003,5,0.0
L00944,O50375,P2008,6,0.1
L00945,O50375,P2013,6,0.0
L00946,O50375,P2011,3,0.1
L00947,O50376,P2004,5,0.1
L00948,O50376,P2009,6,0.1
L00949,O50376,P2015,4,0.0
L00950,O50377,P2012,4,0.0
L00951,O50378,P2007,1,0.0
L00952,O50378,P2005,3,0.0
L00953,O50378,P2008,6,0.0
L00954,O50379,P2007,5,0.0
L00955,O50379,P2011,6,0.0
L00956,O50379,P2015,4,0.0
L00957,O50380,P2004,2,0.15
L00958,O50380,P2008,4,0.0
L00959,O50381,P2008,1,0.1
L00960,O50381,P2003,4,0.0
L00961,O50381,P2002,5,0.05
L00962,O50381,P2004,4,0.0
L00963,O50382,P2007,4,0.1
L00964,O50382,P2003,3,0.1
L00965,O50382,P2003,5,0.1
L00966,O50383,P2008,1,0.0
L00967,O50383,P2012,3,0.05
L00968,O50383,P2009,6,0.0
L00969,O50383,P2006,6,0.0
L00970,O50384,P2006,4,0.1
L00971,O50384,P2001,2,0.0
L00972,O50385,P2015,5,0.05
L00973,O50386,P2001,2,0.05
L00974,O50386,P2001,2,0.0
L00975,O50386,P2005,4,0.0
L00976,O50386,P2010,3,0.0
L00977,O50387,P2009,2,0.0
L00978,O50387,P2003,2,0.0
L00979,O50387,P2015,2,0.15
L00980,O50388,P2013,1,0.05
L00981,O50388,P2006,1,0.15
L00982,O50388,P2009,3,0.0
L00983,O50388,P2004,3,0.0
L00984,O50389,P2005,2,0.15
L00985,O50389,P2011,6,0.0
L00986,O50390,P2007,5,0.05
L00987,O50390,P2006,2,0.0
L00988,O50390,P2009,1,0.2
L00989,O50390,P2013,4,0.1
L00990,O50391,P2005,4,0.0
L00991,O50391,P2011,1,0.05
L00992,O50391,P2005,1,0.15
L00993,O50392,P2007,4,0.0
L00994,O50392,P2007,2,0.0
L00995,O50392,P2015,6,0.0
L00996,O50393,P2006,4,0.2
L00997,O50394,P2004,1,0.0
L00998,O50394,P2014,1,0.0
L00999,O50394,P2010,6,0.1
L01000,O50394,P2008,3,0.0
L01001,O50395,P2010,5,0.2
L01002,O50395,P2007,3,0.1
L01003,O50395,P2014,5,0.0
L01004,O50396,P2013,4,0.1
L01005,O50396,P2005,2,0.0
L01006,O50397,P2012,4,0.05
L01007,O50398,P2013,2,0.0
L01008,O50398,P2015,1,0.0
L01009,O50398,P2005,6,0.05
L01010,O50398,P2008,2,0.1
L01011,O50399,P2007,1,0.0
L01012,O50399,P2012,4,0.0
L01013,O50399,P2001,1,0.0
L01014,O50399,P2012,3,0.0
L01015,O50400,P2012,1,0.05
L01016,O50400,P2005,5,0.15
L01017,O50401,P2015,1,0.0
L01018,O50401,P2004,2,0.0
L01019,O50401,P2013,2,0.1
L01020,O50402,P2004,5,0.0
L01021,O50402,P2002,6,0.15
L01022,O50402,P2012,3,0.05
L01023,O50402,P2012,1,0.1
L01024,O50403,P2013,2,0.05
L01025,O50403,P2011,5,0.0
L01026,O50403,P2010,4,0.05
L01027,O50404,P2008,1,0.1
L01028,O50404,P2002,3,0.0
L01029,O50404,P2013,1,0.0
L01030,O50405,P2003,1,0.2
L01031,O50405,P2011,3,0.0
L01032,O50406,P2005,5,0.0
L01033,O50406,P2015,1,0.0
L01034,O50406,P2011,2,0.1
L01035,O50407,P2004,1,0.1
L01036,O50408,P2004,1,0.1
L01037,O50408,P2012,4,0.0
L01038,O50409,P2006,5,0.2
L01039,O50409,P2015,2,0.0
L01040,O50409,P2014,5,0.0
L01041,O50410,P2010,6,0.0
L01042,O50410,P2012,4,0.05
L01043,O50410,P2009,4,0.15
L01044,O50411,P2013,1,0.0
L01045,O50411,P2007,6,0.0
L01046,O50412,P2013,6,0.05
L01047,O50412,P2002,4,0.1
L01048,O50413,P2010,5,0.15
L01049,O50414,P2015,5,0.1
L01050,O50414,P2011,1,0.15
L01051,O50414,P2008,1,0.15
L01052,O50415,P2013,2,0.05
L01053,O50415,P2015,5,0.0
L01054,O50415,P2007,2,0.2
L01055,O50416,P2007,2,0.0
L01056,O50416,P2003,1,0.05
L01057,O50416,P2006,3,0.2
L01058,O50416,P2014,3,0.1
L01059,O50417,P2012,2,0.15
L01060,O50417,P2014,2,0.0
L01061,O50417,P2002,6,0.15
L01062,O50418,P2005,1,0.0
L01063,O50418,P2011,5,0.0
L01064,O50419,P2009,1,0.05
L01065,O50419,P2009,3,0.05
L01066,O50420,P2004,4,0.1
L01067,O50420,P2015,6,0.0
L01068,O50421,P2010,4,0.15
L01069,O50421,P2014,2,0.0
L01070,O50421,P2003,2,0.0
L01071,O50421,P2003,3,0.0
L01072,O50422,P2005,5,0.0
L01073,O50422,P2010,6,0.1
L01074,O50422,P2006,2,0.0
L01075,O50423,P2009,2,0.0
L01076,O50424,P2008,3,0.0
L01077,O50425,P2009,6,0.15
L01078,O50426,P2004,5,0.0
L01079,O50427,P2004,6,0.1
L01080,O50427,P2007,1,0.0
L01081,O50428,P2007,5,0.15
L01082,O50428,P2014,1,0.05
L01083,O50428,P2002,3,0.1
L01084,O50429,P2013,6,0.0
L01085,O50430,P2002,3,0.0
L01086,O50431,P2010,5,0.0
L01087,O50431,P2006,6,0.0
L01088,O50431,P2011,1,0.0
L01089,O50432,P2001,6,0.1
L01090,O50432,P2005,5,0.0
L01091,O50432,P2003,3,0.0
L01092,O50432,P2002,5,0.2
L01093,O50433,P2015,1,0.1
L01094,O50433,P2006,5,0.2
L01095,O50433,P2005,3,0.0
L01096,O50433,P2005,3,0.15
L01097,O50434,P2011,1,0.0
L01098,O50434,P2008,3,0.15
L01099,O50434,P2011,3,0.1
L01100,O50434,P2006,3,0.0
L01101,O50435,P2004,4,0.1
L01102,O50435,P2008,6,0.0
L01103,O50436,P2006,6,0.0
L01104,O50436,P2006,6,0.0
L01105,O50436,P2005,4,0.0
L01106,O50436,P2007,1,0.1
L01107,O50437,P2007,2,0.05
L01108,O50437,P2007,6,0.05
L01109,O50438,P2003,6,0.05
L01110,O50439,P2001,4,0.0
L01111,O50439,P2007,3,0.05
L01112,O50440,P2005,6,0.0
L01113,O50440,P2010,5,0.1
L01114,O50440,P2006,2,0.05
L01115,O50441,P2012,3,0.0
L01116,O50441,P2007,6,0.0
L01117,O50442,P2004,6,0.1
L01118,O50442,P2014,5,0.0
L01119,O50442,P2011,3,0.1
L01120,O50443,P2009,2,0.0
L01121,O50444,P2012,3,0.0
L01122,O50444,P2005,2,0.0
L01123,O50445,P2009,4,0.15
L01124,O50446,P2002,6,0.05
L01125,O50446,P2003,1,0.05
L01126,O50446,P2006,5,0.05
L01127,O50446,P2014,3,0.2
L01128,O50447,P2007,1,0.2
L01129,O50447,P2005,4,0.05
L01130,O50448,P2014,5,0.0
L01131,O50448,P2008,5,0.1
L01132,O50449,P2002,4,0.0
L01133,O50449,P2009,5,0.1
L01134,O50450,P2006,4,0.0
L01135,O50450,P2001,6,0.0
L01136,O50451,P2008,3,0.0
L01137,O50452,P2005,5,0.0
L01138,O50452,P2010,4,0.15
L01139,O50452,P2015,2,0.2
L01140,O50452,P2009,6,0.0
L01141,O50453,P2011,5,0.0
L01142,O50453,P2003,5,0.05
L01143,O50453,P2013,1,0.0
L01144,O50453,P2014,6,0.0
L01145,O50454,P2003,6,0.0
L01146,O50455,P2011,6,0.1
L01147,O50456,P2007,1,0.0
L01148,O50456,P2004,2,0.15
L01149,O50456,P2007,6,0.0
L01150,O50457,P2011,4,0.0
L01151,O50457,P2007,4,0.05
L01152,O50457,P2004,5,0.05
L01153,O50458,P2015,4,0.0
L01154,O50458,P2007,2,0.05
L01155,O50459,P2015,4,0.05
L01156,O50460,P2011,3,0.1
L01157,O50460,P2005,3,0.0
L01158,O50461,P2005,3,0.0
L01159,O50461,P2015,3,0.1
L01160,O50461,P2012,6,0.05
L01161,O50462,P2005,1,0.1
L01162,O50463,P2003,2,0.15
L01163,O50463,P2014,1,0.0
L01164,O50463,P2013,1,0.0
L01165,O50464,P2014,3,0.0
L01166,O50465,P2011,3,0.0
L01167,O50465,P2001,2,0.0
L01168,O50466,P2010,3,0.1
L01169,O50467,P2001,2,0.1
L01170,O50468,P2013,2,0.0
L01171,O50469,P2002,6,0.0
L01172,O50470,P2010,4,0.0
L01173,O50470,P2001,5,0.15
L01174,O50470,P2008,2,0.1
L01175,O50471,P2013,4,0.0
L01176,O50471,P2009,2,0.0
L01177,O50472,P2007,6,0.0
L01178,O50473,P2008,2,0.1
L01179,O50473,P2004,4,0.05
L01180,O50473,P2005,4,0.0
L01181,O50474,P2011,2,0.0
L01182,O50474,P2006,4,0.05
L01183,O50474,P2003,5,0.0
L01184,O50475,P2011,6,0.15
L01185,O50475,P2013,1,0.1
L01186,O50475,P2013,3,0.2
L01187,O50476,P2004,6,0.0
L01188,O50476,P2005,4,0.1
L01189,O50477,P2004,3,0.0
L01190,O50477,P2015,4,0.15
L01191,O50478,P2012,5,0.0
L01192,O50478,P2008,6,0.15
L01193,O50478,P2003,1,0.05
L01194,O50479,P2006,6,0.0
L01195,O50479,P2004,5,0.0
L01196,O50479,P2012,1,0.0
L01197,O50480,P2006,6,0.0
L01198,O50481,P2001,5,0.1
L01199,O50481,P2002,5,0.15
L01200,O50481,P2002,3,0.0
L01201,O50481,P2010,1,0.0
L01202,O50482,P2014,4,0.0
L01203,O50482,P2008,6,0.05
L01204,O50482,P2004,2,0.0
L01205,O50483,P2008,5,0.05
L01206,O50483,P2010,5,0.0
L01207,O50483,P2008,4,0.0
L01208,O50484,P2006,6,0.1
L01209,O50484,P2011,4,0.15
L01210,O50484,P2003,3,0.05
L01211,O50484,P2001,4,0.05
L01212,O50485,P2009,5,0.05
L01213,O50485,P2008,5,0.1
L01214,O50485,P2010,5,0.0
L01215,O50485,P2005,5,0.0
L01216,O50486,P2015,4,0.0
L01217,O50486,P2004,3,0.0
L01218,O50486,P2013,1,0.1
L01219,O50486,P2006,2,0.0
L01220,O50487,P2001,3,0.0
L01221,O50488,P2004,3,0.0
L01222,O50489,P2001,2,0.0
L01223,O50490,P2010,4,0.0
L01224,O50490,P2010,2,0.15
L01225,O50490,P2005,6,0.0
L01226,O50491,P2001,3,0.0
L01227,O50491,P2012,5,0.15
L01228,O50491,P2002,6,0.0
L01229,O50492,P2005,5,0.0
L01230,O50492,P2003,2,0.1
L01231,O50492,P2005,4,0.15
L01232,O50493,P2004,1,0.0
L01233,O50494,P2013,2,0.0
L01234,O50494,P2011,4,0.0
L01235,O50495,P2014,2,0.0
L01236,O50495,P2015,3,0.05
L01237,O50495,P2006,2,0.1
L01238,O50496,P2012,4,0.0
L01239,O50496,P2003,4,0.1
L01240,O50497,P2011,4,0.1
L01241,O50497,P2013,3,0.0
L01242,O50498,P2008,1,0.1
L01243,O50498,P2004,5,0.0
L01244,O50498,P2003,6,0.05
L01245,O50499,P2008,4,0.0
L01246,O50499,P2009,6,0.15
L01247,O50499,P2009,6,0.05
L01248,O50500,P2010,2,0.0
L01249,O50500,P2010,3,0.05
L01250,O50501,P2008,1,0.0
L01251,O50501,P2013,6,0.0
L01252,O50502,P2008,2,0.0
L01253,O50502,P2010,3,0.0
L01254,O50502,P2014,4,0.1
L01255,O50502,P2014,1,0.0
L01256,O50503,P2003,2,0.0
L01257,O50504,P2004,1,0.0
L01258,O50504,P2015,5,0.0
L01259,O50505,P2010,6,0.0
L01260,O50505,P2014,3,0.05
L01261,O50505,P2012,1,0.15
L01262,O50505,P2009,2,0.05
L01263,O50506,P2009,6,0.0
L01264,O50506,P2010,4,0.0
L01265,O50506,P2003,6,0.0
L01266,O50507,P2004,6,0.05
L01267,O50507,P2015,4,0.0
L01268,O50508,P2005,2,0.0
L01269,O50508,P2008,3,0.0
L01270,O50509,P2015,4,0.2
L01271,O50509,P2010,2,0.05
L01272,O50510,P2003,1,0.1
L01273,O50510,P2006,6,0.05
L01274,O50511,P2007,3,0.0
L01275,O50512,P2014,1,0.1
L01276,O50512,P2007,6,0.2
L01277,O50512,P2007,5,0.0
L01278,O50512,P2005,1,0.0
L01279,O50513,P2007,3,0.2
L01280,O50513,P2001,4,0.1
L01281,O50513,P2014,4,0.15
L01282,O50513,P2015,6,0.05
L01283,O50514,P2005,5,0.05
L01284,O50514,P2001,5,0.0
L01285,O50514,P2013,6,0.0
L01286,O50514,P2003,4,0.15
L01287,O50515,P2006,2,0.05
L01288,O50515,P2012,5,0.2
L01289,O50515,P2002,1,0.15
L01290,O50516,P2010,5,0.0
L01291,O50517,P2007,4,0.05
L01292,O50517,P2009,2,0.0
L01293,O50517,P2004,4,0.05
L01294,O50517,P2009,1,0.0
L01295,O50518,P2004,5,0.2
L01296,O50519,P2003,2,0.0
L01297,O50519,P2010,2,0.0
L01298,O50519,P2006,6,0.05
L01299,O50519,P2008,1,0.0
L01300,O50520,P2004,3,0.05
L01301,O50520,P2013,1,0.0
L01302,O50520,P2009,5,0.0
L01303,O50520,P2014,2,0.15
L01304,O50521,P2012,3,0.15
L01305,O50521,P2012,2,0.1
L01306,O50521,P2003,1,0.0
L01307,O50521,P2010,2,0.0
L01308,O50522,P2001,3,0.05
L01309,O50522,P2005,2,0.0
L01310,O50523,P2015,6,0.2
L01311,O50523,P2008,1,0.0
L01312,O50524,P2010,2,0.0
L01313,O50524,P2012,2,0.0
L01314,O50524,P2012,6,0.1
L01315,O50525,P2013,4,0.15
L01316,O50525,P2015,1,0.0
L01317,O50526,P2001,2,0.0
L01318,O50526,P2003,1,0.05
L01319,O50526,P2008,3,0.0
L01320,O50526,P2010,4,0.1
L01321,O50527,P2006,1,0.15
L01322,O50528,P2001,5,0.15
L01323,O50528,P2008,2,0.05
L01324,O50529,P2004,5,0.0
L01325,O50529,P2003,5,0.15
L01326,O50529,P2002,6,0.0
L01327,O50530,P2006,5,0.05
L01328,O50530,P2012,6,0.0
L01329,O50531,P2013,2,0.0
L01330,O50531,P2006,2,0.0
L01331,O50532,P2001,3,0.0
L01332,O50532,P2014,5,0.0
L01333,O50532,P2002,6,0.2
L01334,O50532,P2004,5,0.0
L01335,O50533,P2009,3,0.0
L01336,O50533,P2010,1,0.0
L01337,O50533,P2002,1,0.0
L01338,O50533,P2006,4,0.0
L01339,O50534,P2002,3,0.0
L01340,O50534,P2008,6,0.0
L01341,O50535,P2006,2,0.0
L01342,O50536,P2013,1,0.0
L01343,O50536,P2014,2,0.1
L01344,O50536,P2007,4,0.0
L01345,O50536,P2010,3,0.0
L01346,O50537,P2010,4,0.0
L01347,O50538,P2005,1,0.0
L01348,O50538,P2005,6,0.1
L01349,O50538,P2007,1,0.0
L01350,O50538,P2008,4,0.15
L01351,O50539,P2002,3,0.0
L01352,O50540,P2004,1,0.1
L01353,O50540,P2013,4,0.05
L01354,O50541,P2006,3,0.0
L01355,O50541,P2008,2,0.1
L01356,O50541,P2005,4,0.0
L01357,O50541,P2014,6,0.0
L01358,O50542,P2001,5,0.15
L01359,O50542,P2005,1,0.05
L01360,O50543,P2008,6,0.15
L01361,O50543,P2009,5,0.15
L01362,O50543,P2007,3,0.1
L01363,O50543,P2014,4,0.1
L01364,O50544,P2003,4,0.2
L01365,O50544,P2011,2,0.2
L01366,O50544,P2005,2,0.0
L01367,O50545,P2012,1,0.1
L01368,O50545,P2010,4,0.0
L01369,O50546,P2010,5,0.0
L01370,O50546,P2005,4,0.1
L01371,O50546,P2013,6,0.05
L01372,O50547,P2005,6,0.0
L01373,O50547,P2005,2,0.0
L01374,O50547,P2012,4,0.05
L01375,O50547,P2012,5,0.0
L01376,O50548,P2001,3,0.2
L01377,O50549,P2009,2,0.0
L01378,O50549,P2015,2,0.0
L01379,O50549,P2015,2,0.0
L01380,O50550,P2010,5,0.0
L01381,O50550,P2006,4,0.15
L01382,O50551,P2001,3,0.0
L01383,O50552,P2002,5,0.15
L01384,O50552,P2010,3,0.0
L01385,O50553,P2008,1,0.05
L01386,O50554,P2014,5,0.0
L01387,O50554,P2007,4,0.1
L01388,O50555,P2005,2,0.0
L01389,O50555,P2007,3,0.1
L01390,O50555,P2005,5,0.1
L01391,O50555,P2005,5,0.0
L01392,O50556,P2006,5,0.15
L01393,O50556,P2001,5,0.0
L01394,O50556,P2009,3,0.1
L01395,O50556,P2002,5,0.1
L01396,O50557,P2012,2,0.15
L01397,O50557,P2007,5,0.1
L01398,O50557,P2010,4,0.15
L01399,O50558,P2014,4,0.0
L01400,O50558,P2009,4,0.15
L01401,O50559,P2007,4,0.0
L01402,O50559,P2013,1,0.15
L01403,O50560,P2014,3,0.0
L01404,O50560,P2015,3,0.15
L01405,O50561,P2001,2,0.0
L01406,O50561,P2008,6,0.0
L01407,O50561,P2009,4,0.1
L01408,O50561,P2008,5,0.0
L01409,O50562,P2011,1,0.15
L01410,O50562,P2004,2,0.1
L01411,O50562,P2004,6,0.0
L01412,O50563,P2005,2,0.1
L01413,O50563,P2010,1,0.0
L01414,O50563,P2007,3,0.2
L01415,O50563,P2004,4,0.0
L01416,O50564,P2015,1,0.0
L01417,O50564,P2007,4,0.0
L01418,O50564,P2007,2,0.1
L01419,O50564,P2005,1,0.1
L01420,O50565,P2004,2,0.0
L01421,O50566,P2003,1,0.1
L01422,O50566,P2009,4,0.0
L01423,O50566,P2006,5,0.15
L01424,O50567,P2014,2,0.1
L01425,O50568,P2005,4,0.1
L01426,O50568,P2003,2,0.0
L01427,O50568,P2008,1,0.0
L01428,O50569,P2001,3,0.0
L01429,O50569,P2015,3,0.1
L01430,O50569,P2001,1,0.2
L01431,O50569,P2002,4,0.2
L01432,O50570,P2013,4,0.05
L01433,O50570,P2014,1,0.0
L01434,O50571,P2013,4,0.0
L01435,O50571,P2006,5,0.0
L01436,O50572,P2013,3,0.2
L01437,O50572,P2004,5,0.0
L01438,O50572,P2003,3,0.15
L01439,O50573,P2001,5,0.2
L01440,O50573,P2008,2,0.15
L01441,O50573,P2007,3,0.05
L01442,O50573,P2010,3,0.0
L01443,O50574,P2009,4,0.0
L01444,O50575,P2015,6,0.05
L01445,O50575,P2003,2,0.1
L01446,O50575,P2007,2,0.0
L01447,O50576,P2011,4,0.0
L01448,O50576,P2002,5,0.0
L01449,O50576,P2012,2,0.1
L01450,O50577,P2007,1,0.05
L01451,O50577,P2011,1,0.1
L01452,O50577,P2010,1,0.2
L01453,O50577,P2012,2,0.1
L01454,O50578,P2002,6,0.0
L01455,O50579,P2008,4,0.2
L01456,O50580,P2001,1,0.0
L01457,O50580,P2001,6,0.15
L01458,O50580,P2006,2,0.15
L01459,O50580,P2014,5,0.0
L01460,O50581,P2010,5,0.0
L01461,O50582,P2010,6,0.0
L01462,O50582,P2004,3,0.0
L01463,O50582,P2013,6,0.0
L01464,O50582,P2015,2,0.0
L01465,O50583,P2013,2,0.05
L01466,O50584,P2002,3,0.15
L01467,O50584,P2010,4,0.0
L01468,O50584,P2006,3,0.1
L01469,O50585,P2003,4,0.0
L01470,O50585,P2010,4,0.0
L01471,O50586,P2005,3,0.2
L01472,O50586,P2002,4,0.0
L01473,O50586,P2003,3,0.05
L01474,O50587,P2010,3,0.0
L01475,O50588,P2007,3,0.0
L01476,O50589,P2013,6,0.0
L01477,O50589,P2003,2,0.2
L01478,O50589,P2014,5,0.0
L01479,O50590,P2013,5,0.0
L01480,O50590,P2008,3,0.1
L01481,O50591,P2007,2,0.05
L01482,O50591,P2008,3,0.0
L01483,O50591,P2002,6,0.05
L01484,O50591,P2001,4,0.05
L01485,O50592,P2009,4,0.2
L01486,O50593,P2011,4,0.1
L01487,O50593,P2003,3,0.0
L01488,O50594,P2001,2,0.0
L01489,O50594,P2006,2,0.15
L01490,O50594,P2010,6,0.0
L01491,O50594,P2005,3,0.0
L01492,O50595,P2004,6,0.0
L01493,O50595,P2010,1,0.0
L01494,O50595,P2014,6,0.0
L01495,O50596,P2010,6,0.0
L01496,O50596,P2003,4,0.0
L01497,O50596,P2014,5,0.05
L01498,O50597,P2006,6,0.0
L01499,O50598,P2002,1,0.1
L01500,O50599,P2004,6,0.1
L01501,O50599,P2008,5,0.0
L01502,O50599,P2009,2,0.1
L01503,O50599,P2012,5,0.2
L01504,O50600,P2009,1,0.05
L01505,O50601,P2015,4,0.0
L01506,O50601,P2010,5,0.05
L01507,O50602,P2001,6,0.1
L01508,O50602,P2009,5,0.0
L01509,O50602,P2014,2,0.0
L01510,O50603,P2015,4,0.0
L01511,O50603,P2005,6,0.15
L01512,O50603,P2008,4,0.05
L01513,O50604,P2001,3,0.0
L01514,O50605,P2005,5,0.0
L01515,O50605,P2007,5,0.0
L01516,O50605,P2014,4,0.05
L01517,O50606,P2004,1,0.15
L01518,O50606,P2007,6,0.0
L01519,O50606,P2010,4,0.0
L01520,O50606,P2007,4,0.05
L01521,O50607,P2014,1,0.05
L01522,O50607,P2006,5,0.1
L01523,O50607,P2002,1,0.0
L01524,O50608,P2007,5,0.0
L01525,O50609,P2003,1,0.0
L01526,O50610,P2011,4,0.1
L01527,O50610,P2004,3,0.05
L01528,O50611,P2003,3,0.1
L01529,O50612,P2012,1,0.05
L01530,O50612,P2006,5,0.05
L01531,O50612,P2004,5,0.0
L01532,O50613,P2005,2,0.15
L01533,O50614,P2007,5,0.0
L01534,O50615,P2006,2,0.0
L01535,O50615,P2011,6,0.1
L01536,O50615,P2003,1,0.1
L01537,O50616,P2007,4,0.05
L01538,O50616,P2001,1,0.0
L01539,O50616,P2002,6,0.0
L01540,O50617,P2009,6,0.1
L01541,O50617,P2011,5,0.05
L01542,O50617,P2009,6,0.0
L01543,O50618,P2009,2,0.15
L01544,O50618,P2008,4,0.05
L01545,O50618,P2003,2,0.0
L01546,O50619,P2013,6,0.0
L01547,O50619,P2013,2,0.05
L01548,O50619,P2013,3,0.0
L01549,O50619,P2012,1,0.0
L01550,O50620,P2012,1,0.05
L01551,O50620,P2014,1,0.05
L01552,O50620,P2002,4,0.1
L01553,O50620,P2013,1,0.0
L01554,O50621,P2009,6,0.15
L01555,O50621,P2009,1,0.15
L01556,O50622,P2002,6,0.1
L01557,O50623,P2010,4,0.0
L01558,O50624,P2014,3,0.0
L01559,O50624,P2013,4,0.1
L01560,O50624,P2010,6,0.2
L01561,O50624,P2009,6,0.0
L01562,O50625,P2007,2,0.15
L01563,O50625,P2004,6,0.0
L01564,O50625,P2015,1,0.1
L01565,O50626,P2001,2,0.15
L01566,O50626,P2002,6,0.15
L01567,O50627,P2012,4,0.0
L01568,O50627,P2007,6,0.0
L01569,O50627,P2003,2,0.15
L01570,O50627,P2003,5,0.15
L01571,O50628,P2003,3,0.05
L01572,O50628,P2015,6,0.15
L01573,O50628,P2011,2,0.1
L01574,O50628,P2006,1,0.1
L01575,O50629,P2005,6,0.1
L01576,O50629,P2008,1,0.0
L01577,O50629,P2015,6,0.2
L01578,O50630,P2015,2,0.0
L01579,O50631,P2005,5,0.1
L01580,O50632,P2002,2,0.0
L01581,O50633,P2012,3,0.0
L01582,O50633,P2001,1,0.0
L01583,O50633,P2004,6,0.1
L01584,O50634,P2014,5,0.0
L01585,O50634,P2008,6,0.05
L01586,O50635,P2010,3,0.1
L01587,O50635,P2013,5,0.15
L01588,O50636,P2004,6,0.0
L01589,O50636,P2008,3,0.1
L01590,O50636,P2001,5,0.1
L01591,O50636,P2009,6,0.2
L01592,O50637,P2013,6,0.0
L01593,O50638,P2013,4,0.1
L01594,O50639,P2013,6,0.15
L01595,O50640,P2013,6,0.15
L01596,O50640,P2007,1,0.0
L01597,O50640,P2011,2,0.1
L01598,O50640,P2002,1,0.05
L01599,O50641,P2010,6,0.1
L01600,O50641,P2009,3,0.0
L01601,O50641,P2012,4,0.1
L01602,O50642,P2009,4,0.1
L01603,O50642,P2008,6,0.15
L01604,O50642,P2011,3,0.1
L01605,O50643,P2013,4,0.0
L01606,O50644,P2011,4,0.05
L01607,O50644,P2011,4,0.0
L01608,O50644,P2012,3,0.0
L01609,O50645,P2005,3,0.1
L01610,O50646,P2013,3,0.0
L01611,O50646,P2011,3,0.0
L01612,O50647,P2008,5,0.0
L01613,O50647,P2006,4,0.1
L01614,O50648,P2011,6,0.0
L01615,O50648,P2005,3,0.05
L01616,O50649,P2004,1,0.15
L01617,O50649,P2014,4,0.0
L01618,O50649,P2002,2,0.0
L00141,O50062,P2014,5,0.0
